{
  "project_info": {
    "project_number": "877499861203",
    "firebase_url": "https://testfirebase-7ef2b-default-rtdb.firebaseio.com",
    "project_id": "testfirebase-7ef2b",
    "storage_bucket": "testfirebase-7ef2b.appspot.com"
  },
  "client": [
    {
      "client_info": {
        "mobilesdk_app_id": "1:877499861203:android:1a9ed1a555ec1da8cbac26",
        "android_client_info": {
          "package_name": "com.example.firebaseuas"
        }
      },
      "oauth_client": [],
      "api_key": [
        {
          "current_key": "AIzaSyCEEJaWvyO1dPAlxVPI3CKGMuLGwvsaJZo"
        }
      ],
      "services": {
        "appinvite_service": {
          "other_platform_oauth_client": []
        }
      }
    },
    {
      "client_info": {
        "mobilesdk_app_id": "1:877499861203:android:8e9b69c231cad010cbac26",
        "android_client_info": {
          "package_name": "com.example.tugasfirebaseuas"
        }
      },
      "oauth_client": [],
      "api_key": [
        {
          "current_key": "AIzaSyCEEJaWvyO1dPAlxVPI3CKGMuLGwvsaJZo"
        }
      ],
      "services": {
        "appinvite_service": {
          "other_platform_oauth_client": []
        }
      }
    }
  ],
  "configuration_version": "1"
}